0,21:42.1,out,Controller 23: 65,1,65,B0 17 41 ,FALSE
1,21:42.1,out,Controller 23: 66,1,66,B0 17 42 ,FALSE
2,21:42.1,out,Controller 23: 67,1,67,B0 17 43 ,FALSE
3,21:42.1,out,Controller 23: 69,1,69,B0 17 45 ,FALSE
4,21:42.1,out,Controller 23: 71,1,71,B0 17 47 ,FALSE
5,21:42.1,out,Controller 23: 72,1,72,B0 17 48 ,FALSE
6,21:42.1,out,Controller 23: 74,1,74,B0 17 4A ,FALSE
7,21:42.1,out,Controller 23: 75,1,75,B0 17 4B ,FALSE
8,21:42.2,out,Controller 23: 77,1,77,B0 17 4D ,FALSE
9,21:42.2,out,Controller 23: 78,1,78,B0 17 4E ,FALSE
10,21:42.2,out,Controller 23: 80,1,80,B0 17 50 ,FALSE
11,21:42.2,out,Controller 23: 81,1,81,B0 17 51 ,FALSE
12,21:42.2,out,Controller 23: 82,1,82,B0 17 52 ,FALSE
13,21:42.2,out,Controller 23: 84,1,84,B0 17 54 ,FALSE
14,21:42.2,out,Controller 23: 85,1,85,B0 17 55 ,FALSE
15,21:42.2,out,Controller 23: 86,1,86,B0 17 56 ,FALSE
16,21:42.2,out,Controller 23: 87,1,87,B0 17 57 ,FALSE
17,21:42.2,out,Controller 23: 88,1,88,B0 17 58 ,FALSE
18,21:42.2,out,Controller 23: 89,1,89,B0 17 59 ,FALSE
19,21:42.2,out,Controller 23: 91,1,91,B0 17 5B ,FALSE
20,21:42.2,out,Controller 23: 92,1,92,B0 17 5C ,FALSE
21,21:42.3,out,Controller 23: 93,1,93,B0 17 5D ,FALSE
22,21:42.3,out,Controller 23: 94,1,94,B0 17 5E ,FALSE
23,21:42.3,out,Controller 23: 96,1,96,B0 17 60 ,FALSE
24,21:42.3,out,Controller 23: 97,1,97,B0 17 61 ,FALSE
25,21:42.3,out,Controller 23: 98,1,98,B0 17 62 ,FALSE
26,21:42.3,out,Controller 23: 99,1,99,B0 17 63 ,FALSE
27,21:42.3,out,Controller 23: 100,1,100,B0 17 64 ,FALSE
28,21:42.3,out,Controller 23: 101,1,101,B0 17 65 ,FALSE
29,21:42.3,out,Controller 23: 103,1,103,B0 17 67 ,FALSE
30,21:42.3,out,Controller 23: 104,1,104,B0 17 68 ,FALSE
31,21:42.3,out,Controller 23: 105,1,105,B0 17 69 ,FALSE
32,21:42.4,out,Controller 23: 106,1,106,B0 17 6A ,FALSE
33,21:42.4,out,Controller 23: 107,1,107,B0 17 6B ,FALSE
34,21:42.4,out,Controller 23: 108,1,108,B0 17 6C ,FALSE
35,21:42.4,out,Controller 23: 109,1,109,B0 17 6D ,FALSE
36,21:42.4,out,Controller 23: 110,1,110,B0 17 6E ,FALSE
37,21:42.4,out,Controller 23: 111,1,111,B0 17 6F ,FALSE
38,21:42.4,out,Controller 23: 112,1,112,B0 17 70 ,FALSE
39,21:42.4,out,Controller 23: 113,1,113,B0 17 71 ,FALSE
40,21:42.4,out,Controller 23: 114,1,114,B0 17 72 ,FALSE
41,21:42.5,out,Controller 23: 115,1,115,B0 17 73 ,FALSE
42,21:42.5,out,Controller 23: 116,1,116,B0 17 74 ,FALSE
43,21:42.5,out,Controller 23: 117,1,117,B0 17 75 ,FALSE
44,21:42.5,out,Controller 23: 118,1,118,B0 17 76 ,FALSE
45,21:42.5,out,Controller 23: 119,1,119,B0 17 77 ,FALSE
46,21:42.5,out,Controller 23: 120,1,120,B0 17 78 ,FALSE
47,21:42.5,out,Controller 23: 121,1,121,B0 17 79 ,FALSE
48,21:42.6,out,Controller 23: 122,1,122,B0 17 7A ,FALSE
49,21:42.6,out,Controller 23: 123,1,123,B0 17 7B ,FALSE
50,21:42.6,out,Controller 23: 124,1,124,B0 17 7C ,FALSE
51,21:42.6,out,Controller 23: 125,1,125,B0 17 7D ,FALSE
52,21:42.6,out,Controller 23: 126,1,126,B0 17 7E ,FALSE
53,21:42.6,out,Controller 23: 127,1,127,B0 17 7F ,FALSE
54,21:43.7,out,Controller 23: 126,1,126,B0 17 7E ,FALSE
55,21:43.7,out,Controller 23: 124,1,124,B0 17 7C ,FALSE
56,21:43.7,out,Controller 23: 122,1,122,B0 17 7A ,FALSE
57,21:43.7,out,Controller 23: 120,1,120,B0 17 78 ,FALSE
58,21:43.7,out,Controller 23: 118,1,118,B0 17 76 ,FALSE
59,21:43.7,out,Controller 23: 117,1,117,B0 17 75 ,FALSE
60,21:43.7,out,Controller 23: 115,1,115,B0 17 73 ,FALSE
61,21:43.8,out,Controller 23: 114,1,114,B0 17 72 ,FALSE
62,21:43.8,out,Controller 23: 113,1,113,B0 17 71 ,FALSE
63,21:43.8,out,Controller 23: 112,1,112,B0 17 70 ,FALSE
64,21:43.8,out,Controller 23: 111,1,111,B0 17 6F ,FALSE
65,21:43.8,out,Controller 23: 110,1,110,B0 17 6E ,FALSE
66,21:43.8,out,Controller 23: 109,1,109,B0 17 6D ,FALSE
67,21:43.8,out,Controller 23: 108,1,108,B0 17 6C ,FALSE
68,21:43.8,out,Controller 23: 107,1,107,B0 17 6B ,FALSE
69,21:43.8,out,Controller 23: 106,1,106,B0 17 6A ,FALSE
70,21:43.9,out,Controller 23: 105,1,105,B0 17 69 ,FALSE
71,21:43.9,out,Controller 23: 104,1,104,B0 17 68 ,FALSE
72,21:43.9,out,Controller 23: 103,1,103,B0 17 67 ,FALSE
73,21:43.9,out,Controller 23: 102,1,102,B0 17 66 ,FALSE
74,21:43.9,out,Controller 23: 101,1,101,B0 17 65 ,FALSE
75,21:44.0,out,Controller 23: 100,1,100,B0 17 64 ,FALSE
76,21:44.5,out,Controller 23: 99,1,99,B0 17 63 ,FALSE
77,21:44.5,out,Controller 23: 98,1,98,B0 17 62 ,FALSE
78,21:44.6,out,Controller 23: 97,1,97,B0 17 61 ,FALSE
79,21:44.6,out,Controller 23: 96,1,96,B0 17 60 ,FALSE
80,21:44.6,out,Controller 23: 95,1,95,B0 17 5F ,FALSE
81,21:44.6,out,Controller 23: 94,1,94,B0 17 5E ,FALSE
82,21:44.6,out,Controller 23: 93,1,93,B0 17 5D ,FALSE
83,21:44.6,out,Controller 23: 92,1,92,B0 17 5C ,FALSE
84,21:44.6,out,Controller 23: 91,1,91,B0 17 5B ,FALSE
85,21:44.6,out,Controller 23: 90,1,90,B0 17 5A ,FALSE
86,21:44.6,out,Controller 23: 89,1,89,B0 17 59 ,FALSE
87,21:44.6,out,Controller 23: 88,1,88,B0 17 58 ,FALSE
88,21:44.7,out,Controller 23: 87,1,87,B0 17 57 ,FALSE
89,21:44.7,out,Controller 23: 86,1,86,B0 17 56 ,FALSE
90,21:44.7,out,Controller 23: 85,1,85,B0 17 55 ,FALSE
91,21:44.7,out,Controller 23: 84,1,84,B0 17 54 ,FALSE
92,21:44.7,out,Controller 23: 83,1,83,B0 17 53 ,FALSE
93,21:44.7,out,Controller 23: 82,1,82,B0 17 52 ,FALSE
94,21:44.7,out,Controller 23: 81,1,81,B0 17 51 ,FALSE
95,21:44.7,out,Controller 23: 80,1,80,B0 17 50 ,FALSE
96,21:44.7,out,Controller 23: 79,1,79,B0 17 4F ,FALSE
97,21:44.7,out,Controller 23: 78,1,78,B0 17 4E ,FALSE
98,21:44.8,out,Controller 23: 77,1,77,B0 17 4D ,FALSE
99,21:44.8,out,Controller 23: 76,1,76,B0 17 4C ,FALSE
100,21:44.8,out,Controller 23: 75,1,75,B0 17 4B ,FALSE
101,21:44.8,out,Controller 23: 74,1,74,B0 17 4A ,FALSE
102,21:44.8,out,Controller 23: 73,1,73,B0 17 49 ,FALSE
103,21:44.8,out,Controller 23: 72,1,72,B0 17 48 ,FALSE
104,21:44.8,out,Controller 23: 71,1,71,B0 17 47 ,FALSE
105,21:44.8,out,Controller 23: 70,1,70,B0 17 46 ,FALSE
106,21:44.8,out,Controller 23: 69,1,69,B0 17 45 ,FALSE
107,21:44.8,out,Controller 23: 68,1,68,B0 17 44 ,FALSE
108,21:44.8,out,Controller 23: 67,1,67,B0 17 43 ,FALSE
109,21:44.8,out,Controller 23: 66,1,66,B0 17 42 ,FALSE
110,21:44.9,out,Controller 23: 64,1,64,B0 17 40 ,FALSE
111,21:44.9,out,Controller 23: 63,1,63,B0 17 3F ,FALSE
112,21:44.9,out,Controller 23: 62,1,62,B0 17 3E ,FALSE
113,21:44.9,out,Controller 23: 60,1,60,B0 17 3C ,FALSE
114,21:44.9,out,Controller 23: 59,1,59,B0 17 3B ,FALSE
115,21:45.0,out,Controller 23: 58,1,58,B0 17 3A ,FALSE
116,21:45.0,out,Controller 23: 57,1,57,B0 17 39 ,FALSE
117,21:45.0,out,Controller 23: 56,1,56,B0 17 38 ,FALSE
118,21:45.0,out,Controller 23: 55,1,55,B0 17 37 ,FALSE
119,21:45.0,out,Controller 23: 53,1,53,B0 17 35 ,FALSE
120,21:45.0,out,Controller 23: 52,1,52,B0 17 34 ,FALSE
121,21:45.0,out,Controller 23: 51,1,51,B0 17 33 ,FALSE
122,21:45.0,out,Controller 23: 49,1,49,B0 17 31 ,FALSE
123,21:45.0,out,Controller 23: 48,1,48,B0 17 30 ,FALSE
124,21:45.0,out,Controller 23: 46,1,46,B0 17 2E ,FALSE
125,21:45.0,out,Controller 23: 45,1,45,B0 17 2D ,FALSE
126,21:45.0,out,Controller 23: 43,1,43,B0 17 2B ,FALSE
127,21:45.0,out,Controller 23: 42,1,42,B0 17 2A ,FALSE
128,21:45.1,out,Controller 23: 40,1,40,B0 17 28 ,FALSE
129,21:45.1,out,Controller 23: 39,1,39,B0 17 27 ,FALSE
130,21:45.1,out,Controller 23: 37,1,37,B0 17 25 ,FALSE
131,21:45.1,out,Controller 23: 36,1,36,B0 17 24 ,FALSE
132,21:45.1,out,Controller 23: 35,1,35,B0 17 23 ,FALSE
133,21:45.1,out,Controller 23: 34,1,34,B0 17 22 ,FALSE
134,21:45.1,out,Controller 23: 33,1,33,B0 17 21 ,FALSE
135,21:45.1,out,Controller 23: 32,1,32,B0 17 20 ,FALSE
136,21:45.1,out,Controller 23: 30,1,30,B0 17 1E ,FALSE
137,21:45.1,out,Controller 23: 29,1,29,B0 17 1D ,FALSE
138,21:45.1,out,Controller 23: 28,1,28,B0 17 1C ,FALSE
139,21:45.1,out,Controller 23: 27,1,27,B0 17 1B ,FALSE
140,21:45.1,out,Controller 23: 25,1,25,B0 17 19 ,FALSE
141,21:45.2,out,Controller 23: 24,1,24,B0 17 18 ,FALSE
142,21:45.2,out,Controller 23: 22,1,22,B0 17 16 ,FALSE
143,21:45.2,out,Controller 23: 21,1,21,B0 17 15 ,FALSE
144,21:45.2,out,Controller 23: 20,1,20,B0 17 14 ,FALSE
145,21:45.2,out,Controller 23: 19,1,19,B0 17 13 ,FALSE
146,21:45.2,out,Controller 23: 18,1,18,B0 17 12 ,FALSE
147,21:45.2,out,Controller 23: 17,1,17,B0 17 11 ,FALSE
148,21:45.2,out,Controller 23: 16,1,16,B0 17 10 ,FALSE
149,21:45.2,out,Controller 23: 15,1,15,B0 17 0F ,FALSE
150,21:45.2,out,Controller 23: 14,1,14,B0 17 0E ,FALSE
151,21:45.3,out,Controller 23: 13,1,13,B0 17 0D ,FALSE
152,21:45.3,out,Controller 23: 12,1,12,B0 17 0C ,FALSE
153,21:45.3,out,Controller 23: 11,1,11,B0 17 0B ,FALSE
154,21:45.3,out,Controller 23: 10,1,10,B0 17 0A ,FALSE
155,21:45.3,out,Controller 23: 9,1,9,B0 17 09 ,FALSE
156,21:45.3,out,Controller 23: 8,1,8,B0 17 08 ,FALSE
157,21:45.3,out,Controller 23: 7,1,7,B0 17 07 ,FALSE
158,21:45.3,out,Controller 23: 6,1,6,B0 17 06 ,FALSE
159,21:45.3,out,Controller 23: 5,1,5,B0 17 05 ,FALSE
160,21:45.4,out,Controller 23: 4,1,4,B0 17 04 ,FALSE
161,21:45.4,out,Controller 23: 3,1,3,B0 17 03 ,FALSE
162,21:45.4,out,Controller 23: 2,1,2,B0 17 02 ,FALSE
163,21:45.4,out,Controller 23: 1,1,1,B0 17 01 ,FALSE
164,21:45.4,out,Controller 23: 0,1,0,B0 17 00 ,FALSE
165,21:46.8,out,Controller 23: 1,1,1,B0 17 01 ,FALSE
166,21:46.8,out,Controller 23: 2,1,2,B0 17 02 ,FALSE
167,21:46.9,out,Controller 23: 3,1,3,B0 17 03 ,FALSE
168,21:46.9,out,Controller 23: 5,1,5,B0 17 05 ,FALSE
169,21:46.9,out,Controller 23: 6,1,6,B0 17 06 ,FALSE
170,21:46.9,out,Controller 23: 7,1,7,B0 17 07 ,FALSE
171,21:46.9,out,Controller 23: 8,1,8,B0 17 08 ,FALSE
172,21:46.9,out,Controller 23: 9,1,9,B0 17 09 ,FALSE
173,21:46.9,out,Controller 23: 10,1,10,B0 17 0A ,FALSE
174,21:46.9,out,Controller 23: 11,1,11,B0 17 0B ,FALSE
175,21:46.9,out,Controller 23: 12,1,12,B0 17 0C ,FALSE
176,21:46.9,out,Controller 23: 13,1,13,B0 17 0D ,FALSE
177,21:46.9,out,Controller 23: 14,1,14,B0 17 0E ,FALSE
178,21:46.9,out,Controller 23: 15,1,15,B0 17 0F ,FALSE
179,21:47.0,out,Controller 23: 16,1,16,B0 17 10 ,FALSE
180,21:47.0,out,Controller 23: 17,1,17,B0 17 11 ,FALSE
181,21:47.0,out,Controller 23: 18,1,18,B0 17 12 ,FALSE
182,21:47.0,out,Controller 23: 19,1,19,B0 17 13 ,FALSE
183,21:47.0,out,Controller 23: 20,1,20,B0 17 14 ,FALSE
184,21:47.0,out,Controller 23: 21,1,21,B0 17 15 ,FALSE
185,21:47.0,out,Controller 23: 22,1,22,B0 17 16 ,FALSE
186,21:47.1,out,Controller 23: 23,1,23,B0 17 17 ,FALSE
187,21:47.1,out,Controller 23: 24,1,24,B0 17 18 ,FALSE
188,21:47.1,out,Controller 23: 25,1,25,B0 17 19 ,FALSE
189,21:47.1,out,Controller 23: 26,1,26,B0 17 1A ,FALSE
190,21:47.1,out,Controller 23: 27,1,27,B0 17 1B ,FALSE
191,21:47.1,out,Controller 23: 28,1,28,B0 17 1C ,FALSE
192,21:47.1,out,Controller 23: 29,1,29,B0 17 1D ,FALSE
193,21:47.1,out,Controller 23: 30,1,30,B0 17 1E ,FALSE
194,21:47.2,out,Controller 23: 31,1,31,B0 17 1F ,FALSE
195,21:47.2,out,Controller 23: 32,1,32,B0 17 20 ,FALSE
196,21:47.2,out,Controller 23: 33,1,33,B0 17 21 ,FALSE
197,21:47.2,out,Controller 23: 34,1,34,B0 17 22 ,FALSE
198,21:47.2,out,Controller 23: 35,1,35,B0 17 23 ,FALSE
199,21:47.2,out,Controller 23: 36,1,36,B0 17 24 ,FALSE
200,21:47.2,out,Controller 23: 37,1,37,B0 17 25 ,FALSE
201,21:47.2,out,Controller 23: 38,1,38,B0 17 26 ,FALSE
202,21:47.2,out,Controller 23: 39,1,39,B0 17 27 ,FALSE
203,21:47.2,out,Controller 23: 40,1,40,B0 17 28 ,FALSE
204,21:47.2,out,Controller 23: 41,1,41,B0 17 29 ,FALSE
205,21:47.2,out,Controller 23: 42,1,42,B0 17 2A ,FALSE
206,21:47.3,out,Controller 23: 43,1,43,B0 17 2B ,FALSE
207,21:47.3,out,Controller 23: 44,1,44,B0 17 2C ,FALSE
208,21:47.3,out,Controller 23: 45,1,45,B0 17 2D ,FALSE
209,21:47.3,out,Controller 23: 46,1,46,B0 17 2E ,FALSE
210,21:47.3,out,Controller 23: 47,1,47,B0 17 2F ,FALSE
211,21:47.3,out,Controller 23: 48,1,48,B0 17 30 ,FALSE
212,21:47.3,out,Controller 23: 49,1,49,B0 17 31 ,FALSE
213,21:47.3,out,Controller 23: 50,1,50,B0 17 32 ,FALSE
214,21:47.3,out,Controller 23: 51,1,51,B0 17 33 ,FALSE
215,21:47.4,out,Controller 23: 52,1,52,B0 17 34 ,FALSE
216,21:47.4,out,Controller 23: 53,1,53,B0 17 35 ,FALSE
217,21:47.4,out,Controller 23: 54,1,54,B0 17 36 ,FALSE
218,21:47.4,out,Controller 23: 55,1,55,B0 17 37 ,FALSE
219,21:47.4,out,Controller 23: 56,1,56,B0 17 38 ,FALSE
220,21:47.4,out,Controller 23: 57,1,57,B0 17 39 ,FALSE
221,21:47.4,out,Controller 23: 58,1,58,B0 17 3A ,FALSE
222,21:47.4,out,Controller 23: 59,1,59,B0 17 3B ,FALSE
223,21:47.4,out,Controller 23: 60,1,60,B0 17 3C ,FALSE
224,21:47.4,out,Controller 23: 61,1,61,B0 17 3D ,FALSE
225,21:47.4,out,Controller 23: 62,1,62,B0 17 3E ,FALSE
226,21:47.5,out,Controller 23: 63,1,63,B0 17 3F ,FALSE
227,21:47.5,out,Controller 23: 64,1,64,B0 17 40 ,FALSE
228,21:48.7,out,Controller 24: 65,1,65,B0 18 41 ,FALSE
229,21:48.8,out,Controller 24: 66,1,66,B0 18 42 ,FALSE
230,21:48.8,out,Controller 24: 68,1,68,B0 18 44 ,FALSE
231,21:48.8,out,Controller 24: 70,1,70,B0 18 46 ,FALSE
232,21:48.8,out,Controller 24: 72,1,72,B0 18 48 ,FALSE
233,21:48.8,out,Controller 24: 74,1,74,B0 18 4A ,FALSE
234,21:48.8,out,Controller 24: 76,1,76,B0 18 4C ,FALSE
235,21:48.8,out,Controller 24: 78,1,78,B0 18 4E ,FALSE
236,21:48.8,out,Controller 24: 79,1,79,B0 18 4F ,FALSE
237,21:48.8,out,Controller 24: 81,1,81,B0 18 51 ,FALSE
238,21:48.8,out,Controller 24: 83,1,83,B0 18 53 ,FALSE
239,21:48.8,out,Controller 24: 84,1,84,B0 18 54 ,FALSE
240,21:48.8,out,Controller 24: 85,1,85,B0 18 55 ,FALSE
241,21:48.8,out,Controller 24: 87,1,87,B0 18 57 ,FALSE
242,21:48.9,out,Controller 24: 88,1,88,B0 18 58 ,FALSE
243,21:48.9,out,Controller 24: 90,1,90,B0 18 5A ,FALSE
244,21:48.9,out,Controller 24: 91,1,91,B0 18 5B ,FALSE
245,21:48.9,out,Controller 24: 92,1,92,B0 18 5C ,FALSE
246,21:48.9,out,Controller 24: 93,1,93,B0 18 5D ,FALSE
247,21:48.9,out,Controller 24: 95,1,95,B0 18 5F ,FALSE
248,21:48.9,out,Controller 24: 96,1,96,B0 18 60 ,FALSE
249,21:48.9,out,Controller 24: 97,1,97,B0 18 61 ,FALSE
250,21:48.9,out,Controller 24: 98,1,98,B0 18 62 ,FALSE
251,21:48.9,out,Controller 24: 99,1,99,B0 18 63 ,FALSE
252,21:48.9,out,Controller 24: 100,1,100,B0 18 64 ,FALSE
253,21:48.9,out,Controller 24: 101,1,101,B0 18 65 ,FALSE
254,21:48.9,out,Controller 24: 102,1,102,B0 18 66 ,FALSE
255,21:49.0,out,Controller 24: 103,1,103,B0 18 67 ,FALSE
256,21:49.0,out,Controller 24: 104,1,104,B0 18 68 ,FALSE
257,21:49.0,out,Controller 24: 105,1,105,B0 18 69 ,FALSE
258,21:49.0,out,Controller 24: 106,1,106,B0 18 6A ,FALSE
259,21:49.0,out,Controller 24: 107,1,107,B0 18 6B ,FALSE
260,21:49.0,out,Controller 24: 108,1,108,B0 18 6C ,FALSE
261,21:49.0,out,Controller 24: 109,1,109,B0 18 6D ,FALSE
262,21:49.0,out,Controller 24: 110,1,110,B0 18 6E ,FALSE
263,21:49.0,out,Controller 24: 111,1,111,B0 18 6F ,FALSE
264,21:49.1,out,Controller 24: 112,1,112,B0 18 70 ,FALSE
265,21:49.1,out,Controller 24: 113,1,113,B0 18 71 ,FALSE
266,21:49.1,out,Controller 24: 114,1,114,B0 18 72 ,FALSE
267,21:49.1,out,Controller 24: 115,1,115,B0 18 73 ,FALSE
268,21:49.1,out,Controller 24: 116,1,116,B0 18 74 ,FALSE
269,21:49.1,out,Controller 24: 117,1,117,B0 18 75 ,FALSE
270,21:49.1,out,Controller 24: 118,1,118,B0 18 76 ,FALSE
271,21:49.1,out,Controller 24: 119,1,119,B0 18 77 ,FALSE
272,21:49.2,out,Controller 24: 120,1,120,B0 18 78 ,FALSE
273,21:49.2,out,Controller 24: 121,1,121,B0 18 79 ,FALSE
274,21:49.2,out,Controller 24: 122,1,122,B0 18 7A ,FALSE
275,21:49.2,out,Controller 24: 123,1,123,B0 18 7B ,FALSE
276,21:49.2,out,Controller 24: 124,1,124,B0 18 7C ,FALSE
277,21:49.2,out,Controller 24: 125,1,125,B0 18 7D ,FALSE
278,21:49.3,out,Controller 24: 126,1,126,B0 18 7E ,FALSE
279,21:49.3,out,Controller 24: 127,1,127,B0 18 7F ,FALSE
280,21:51.6,out,Controller 24: 126,1,126,B0 18 7E ,FALSE
281,21:51.6,out,Controller 24: 125,1,125,B0 18 7D ,FALSE
282,21:51.6,out,Controller 24: 124,1,124,B0 18 7C ,FALSE
283,21:51.6,out,Controller 24: 123,1,123,B0 18 7B ,FALSE
284,21:51.6,out,Controller 24: 122,1,122,B0 18 7A ,FALSE
285,21:51.6,out,Controller 24: 120,1,120,B0 18 78 ,FALSE
286,21:51.6,out,Controller 24: 119,1,119,B0 18 77 ,FALSE
287,21:51.6,out,Controller 24: 117,1,117,B0 18 75 ,FALSE
288,21:51.6,out,Controller 24: 115,1,115,B0 18 73 ,FALSE
289,21:51.6,out,Controller 24: 113,1,113,B0 18 71 ,FALSE
290,21:51.6,out,Controller 24: 111,1,111,B0 18 6F ,FALSE
291,21:51.6,out,Controller 24: 109,1,109,B0 18 6D ,FALSE
292,21:51.7,out,Controller 24: 107,1,107,B0 18 6B ,FALSE
293,21:51.7,out,Controller 24: 105,1,105,B0 18 69 ,FALSE
294,21:51.7,out,Controller 24: 103,1,103,B0 18 67 ,FALSE
295,21:51.7,out,Controller 24: 101,1,101,B0 18 65 ,FALSE
296,21:51.7,out,Controller 24: 99,1,99,B0 18 63 ,FALSE
297,21:51.7,out,Controller 24: 98,1,98,B0 18 62 ,FALSE
298,21:51.7,out,Controller 24: 96,1,96,B0 18 60 ,FALSE
299,21:51.7,out,Controller 24: 95,1,95,B0 18 5F ,FALSE
300,21:51.7,out,Controller 24: 93,1,93,B0 18 5D ,FALSE
301,21:51.7,out,Controller 24: 92,1,92,B0 18 5C ,FALSE
302,21:51.7,out,Controller 24: 91,1,91,B0 18 5B ,FALSE
303,21:51.7,out,Controller 24: 90,1,90,B0 18 5A ,FALSE
304,21:51.7,out,Controller 24: 89,1,89,B0 18 59 ,FALSE
305,21:51.7,out,Controller 24: 88,1,88,B0 18 58 ,FALSE
306,21:51.8,out,Controller 24: 87,1,87,B0 18 57 ,FALSE
307,21:51.8,out,Controller 24: 85,1,85,B0 18 55 ,FALSE
308,21:51.8,out,Controller 24: 84,1,84,B0 18 54 ,FALSE
309,21:51.8,out,Controller 24: 83,1,83,B0 18 53 ,FALSE
310,21:51.8,out,Controller 24: 81,1,81,B0 18 51 ,FALSE
311,21:51.8,out,Controller 24: 80,1,80,B0 18 50 ,FALSE
312,21:51.8,out,Controller 24: 78,1,78,B0 18 4E ,FALSE
313,21:51.8,out,Controller 24: 77,1,77,B0 18 4D ,FALSE
314,21:51.8,out,Controller 24: 75,1,75,B0 18 4B ,FALSE
315,21:51.8,out,Controller 24: 73,1,73,B0 18 49 ,FALSE
316,21:51.8,out,Controller 24: 72,1,72,B0 18 48 ,FALSE
317,21:51.8,out,Controller 24: 70,1,70,B0 18 46 ,FALSE
318,21:51.8,out,Controller 24: 69,1,69,B0 18 45 ,FALSE
319,21:51.9,out,Controller 24: 67,1,67,B0 18 43 ,FALSE
320,21:51.9,out,Controller 24: 66,1,66,B0 18 42 ,FALSE
321,21:51.9,out,Controller 24: 64,1,64,B0 18 40 ,FALSE
322,21:51.9,out,Controller 24: 63,1,63,B0 18 3F ,FALSE
323,21:51.9,out,Controller 24: 62,1,62,B0 18 3E ,FALSE
324,21:52.0,out,Controller 24: 61,1,61,B0 18 3D ,FALSE
325,21:52.0,out,Controller 24: 60,1,60,B0 18 3C ,FALSE
326,21:52.0,out,Controller 24: 58,1,58,B0 18 3A ,FALSE
327,21:52.0,out,Controller 24: 57,1,57,B0 18 39 ,FALSE
328,21:52.0,out,Controller 24: 55,1,55,B0 18 37 ,FALSE
329,21:52.0,out,Controller 24: 52,1,52,B0 18 34 ,FALSE
330,21:52.0,out,Controller 24: 50,1,50,B0 18 32 ,FALSE
331,21:52.0,out,Controller 24: 47,1,47,B0 18 2F ,FALSE
332,21:52.0,out,Controller 24: 44,1,44,B0 18 2C ,FALSE
333,21:52.0,out,Controller 24: 41,1,41,B0 18 29 ,FALSE
334,21:52.0,out,Controller 24: 39,1,39,B0 18 27 ,FALSE
335,21:52.0,out,Controller 24: 36,1,36,B0 18 24 ,FALSE
336,21:52.1,out,Controller 24: 34,1,34,B0 18 22 ,FALSE
337,21:52.1,out,Controller 24: 32,1,32,B0 18 20 ,FALSE
338,21:52.1,out,Controller 24: 30,1,30,B0 18 1E ,FALSE
339,21:52.1,out,Controller 24: 29,1,29,B0 18 1D ,FALSE
340,21:52.1,out,Controller 24: 27,1,27,B0 18 1B ,FALSE
341,21:52.1,out,Controller 24: 25,1,25,B0 18 19 ,FALSE
342,21:52.1,out,Controller 24: 24,1,24,B0 18 18 ,FALSE
343,21:52.1,out,Controller 24: 23,1,23,B0 18 17 ,FALSE
344,21:52.1,out,Controller 24: 21,1,21,B0 18 15 ,FALSE
345,21:52.1,out,Controller 24: 20,1,20,B0 18 14 ,FALSE
346,21:52.1,out,Controller 24: 19,1,19,B0 18 13 ,FALSE
347,21:52.1,out,Controller 24: 18,1,18,B0 18 12 ,FALSE
348,21:52.1,out,Controller 24: 17,1,17,B0 18 11 ,FALSE
349,21:52.2,out,Controller 24: 16,1,16,B0 18 10 ,FALSE
350,21:52.2,out,Controller 24: 14,1,14,B0 18 0E ,FALSE
351,21:52.2,out,Controller 24: 13,1,13,B0 18 0D ,FALSE
352,21:52.2,out,Controller 24: 12,1,12,B0 18 0C ,FALSE
353,21:52.2,out,Controller 24: 11,1,11,B0 18 0B ,FALSE
354,21:52.2,out,Controller 24: 10,1,10,B0 18 0A ,FALSE
355,21:52.2,out,Controller 24: 8,1,8,B0 18 08 ,FALSE
356,21:52.2,out,Controller 24: 7,1,7,B0 18 07 ,FALSE
357,21:52.2,out,Controller 24: 5,1,5,B0 18 05 ,FALSE
358,21:52.2,out,Controller 24: 4,1,4,B0 18 04 ,FALSE
359,21:52.2,out,Controller 24: 2,1,2,B0 18 02 ,FALSE
360,21:52.2,out,Controller 24: 1,1,1,B0 18 01 ,FALSE
361,21:52.2,out,Controller 24: 0,1,0,B0 18 00 ,FALSE
362,21:53.6,out,Controller 24: 1,1,1,B0 18 01 ,FALSE
363,21:53.6,out,Controller 24: 2,1,2,B0 18 02 ,FALSE
364,21:53.6,out,Controller 24: 3,1,3,B0 18 03 ,FALSE
365,21:53.6,out,Controller 24: 4,1,4,B0 18 04 ,FALSE
366,21:53.6,out,Controller 24: 5,1,5,B0 18 05 ,FALSE
367,21:53.7,out,Controller 24: 6,1,6,B0 18 06 ,FALSE
368,21:53.7,out,Controller 24: 7,1,7,B0 18 07 ,FALSE
369,21:53.7,out,Controller 24: 8,1,8,B0 18 08 ,FALSE
370,21:53.7,out,Controller 24: 9,1,9,B0 18 09 ,FALSE
371,21:53.7,out,Controller 24: 10,1,10,B0 18 0A ,FALSE
372,21:53.7,out,Controller 24: 11,1,11,B0 18 0B ,FALSE
373,21:53.7,out,Controller 24: 12,1,12,B0 18 0C ,FALSE
374,21:53.7,out,Controller 24: 13,1,13,B0 18 0D ,FALSE
375,21:53.7,out,Controller 24: 14,1,14,B0 18 0E ,FALSE
376,21:53.7,out,Controller 24: 15,1,15,B0 18 0F ,FALSE
377,21:53.7,out,Controller 24: 16,1,16,B0 18 10 ,FALSE
378,21:53.8,out,Controller 24: 17,1,17,B0 18 11 ,FALSE
379,21:53.8,out,Controller 24: 18,1,18,B0 18 12 ,FALSE
380,21:53.8,out,Controller 24: 19,1,19,B0 18 13 ,FALSE
381,21:53.8,out,Controller 24: 20,1,20,B0 18 14 ,FALSE
382,21:53.8,out,Controller 24: 21,1,21,B0 18 15 ,FALSE
383,21:53.8,out,Controller 24: 22,1,22,B0 18 16 ,FALSE
384,21:53.8,out,Controller 24: 23,1,23,B0 18 17 ,FALSE
385,21:53.8,out,Controller 24: 24,1,24,B0 18 18 ,FALSE
386,21:53.8,out,Controller 24: 25,1,25,B0 18 19 ,FALSE
387,21:53.9,out,Controller 24: 26,1,26,B0 18 1A ,FALSE
388,21:53.9,out,Controller 24: 27,1,27,B0 18 1B ,FALSE
389,21:53.9,out,Controller 24: 28,1,28,B0 18 1C ,FALSE
390,21:53.9,out,Controller 24: 29,1,29,B0 18 1D ,FALSE
391,21:53.9,out,Controller 24: 30,1,30,B0 18 1E ,FALSE
392,21:53.9,out,Controller 24: 31,1,31,B0 18 1F ,FALSE
393,21:53.9,out,Controller 24: 32,1,32,B0 18 20 ,FALSE
394,21:53.9,out,Controller 24: 33,1,33,B0 18 21 ,FALSE
395,21:54.0,out,Controller 24: 34,1,34,B0 18 22 ,FALSE
396,21:54.0,out,Controller 24: 35,1,35,B0 18 23 ,FALSE
397,21:54.0,out,Controller 24: 36,1,36,B0 18 24 ,FALSE
398,21:54.0,out,Controller 24: 37,1,37,B0 18 25 ,FALSE
399,21:54.0,out,Controller 24: 38,1,38,B0 18 26 ,FALSE
400,21:54.0,out,Controller 24: 39,1,39,B0 18 27 ,FALSE
401,21:54.0,out,Controller 24: 40,1,40,B0 18 28 ,FALSE
402,21:54.0,out,Controller 24: 42,1,42,B0 18 2A ,FALSE
403,21:54.0,out,Controller 24: 43,1,43,B0 18 2B ,FALSE
404,21:54.0,out,Controller 24: 44,1,44,B0 18 2C ,FALSE
405,21:54.0,out,Controller 24: 46,1,46,B0 18 2E ,FALSE
406,21:54.0,out,Controller 24: 47,1,47,B0 18 2F ,FALSE
407,21:54.0,out,Controller 24: 48,1,48,B0 18 30 ,FALSE
408,21:54.0,out,Controller 24: 49,1,49,B0 18 31 ,FALSE
409,21:54.1,out,Controller 24: 50,1,50,B0 18 32 ,FALSE
410,21:54.1,out,Controller 24: 51,1,51,B0 18 33 ,FALSE
411,21:54.1,out,Controller 24: 52,1,52,B0 18 34 ,FALSE
412,21:54.1,out,Controller 24: 53,1,53,B0 18 35 ,FALSE
413,21:54.1,out,Controller 24: 54,1,54,B0 18 36 ,FALSE
414,21:54.1,out,Controller 24: 55,1,55,B0 18 37 ,FALSE
415,21:54.1,out,Controller 24: 56,1,56,B0 18 38 ,FALSE
416,21:54.1,out,Controller 24: 57,1,57,B0 18 39 ,FALSE
417,21:54.1,out,Controller 24: 58,1,58,B0 18 3A ,FALSE
418,21:54.2,out,Controller 24: 59,1,59,B0 18 3B ,FALSE
419,21:54.2,out,Controller 24: 60,1,60,B0 18 3C ,FALSE
420,21:54.2,out,Controller 24: 61,1,61,B0 18 3D ,FALSE
421,21:54.2,out,Controller 24: 62,1,62,B0 18 3E ,FALSE
422,21:54.2,out,Controller 24: 63,1,63,B0 18 3F ,FALSE
423,21:54.2,out,Controller 24: 64,1,64,B0 18 40 ,FALSE
424,21:55.4,out,Controller 25: 65,1,65,B0 19 41 ,FALSE
425,21:55.4,out,Controller 25: 66,1,66,B0 19 42 ,FALSE
426,21:55.4,out,Controller 25: 67,1,67,B0 19 43 ,FALSE
427,21:55.4,out,Controller 25: 68,1,68,B0 19 44 ,FALSE
428,21:55.5,out,Controller 25: 69,1,69,B0 19 45 ,FALSE
429,21:55.5,out,Controller 25: 70,1,70,B0 19 46 ,FALSE
430,21:55.5,out,Controller 25: 71,1,71,B0 19 47 ,FALSE
431,21:55.5,out,Controller 25: 72,1,72,B0 19 48 ,FALSE
432,21:55.5,out,Controller 25: 73,1,73,B0 19 49 ,FALSE
433,21:55.5,out,Controller 25: 74,1,74,B0 19 4A ,FALSE
434,21:55.5,out,Controller 25: 75,1,75,B0 19 4B ,FALSE
435,21:55.5,out,Controller 25: 76,1,76,B0 19 4C ,FALSE
436,21:55.5,out,Controller 25: 77,1,77,B0 19 4D ,FALSE
437,21:55.5,out,Controller 25: 78,1,78,B0 19 4E ,FALSE
438,21:55.5,out,Controller 25: 79,1,79,B0 19 4F ,FALSE
439,21:55.6,out,Controller 25: 80,1,80,B0 19 50 ,FALSE
440,21:55.6,out,Controller 25: 81,1,81,B0 19 51 ,FALSE
441,21:55.6,out,Controller 25: 82,1,82,B0 19 52 ,FALSE
442,21:55.6,out,Controller 25: 83,1,83,B0 19 53 ,FALSE
443,21:55.6,out,Controller 25: 84,1,84,B0 19 54 ,FALSE
444,21:55.6,out,Controller 25: 85,1,85,B0 19 55 ,FALSE
445,21:55.6,out,Controller 25: 86,1,86,B0 19 56 ,FALSE
446,21:55.6,out,Controller 25: 87,1,87,B0 19 57 ,FALSE
447,21:55.7,out,Controller 25: 88,1,88,B0 19 58 ,FALSE
448,21:55.7,out,Controller 25: 89,1,89,B0 19 59 ,FALSE
449,21:55.7,out,Controller 25: 90,1,90,B0 19 5A ,FALSE
450,21:55.7,out,Controller 25: 91,1,91,B0 19 5B ,FALSE
451,21:55.7,out,Controller 25: 92,1,92,B0 19 5C ,FALSE
452,21:55.7,out,Controller 25: 93,1,93,B0 19 5D ,FALSE
453,21:55.8,out,Controller 25: 94,1,94,B0 19 5E ,FALSE
454,21:55.8,out,Controller 25: 95,1,95,B0 19 5F ,FALSE
455,21:55.8,out,Controller 25: 96,1,96,B0 19 60 ,FALSE
456,21:55.8,out,Controller 25: 97,1,97,B0 19 61 ,FALSE
457,21:55.8,out,Controller 25: 98,1,98,B0 19 62 ,FALSE
458,21:55.9,out,Controller 25: 99,1,99,B0 19 63 ,FALSE
459,21:55.9,out,Controller 25: 100,1,100,B0 19 64 ,FALSE
460,21:55.9,out,Controller 25: 101,1,101,B0 19 65 ,FALSE
461,21:55.9,out,Controller 25: 102,1,102,B0 19 66 ,FALSE
462,21:55.9,out,Controller 25: 103,1,103,B0 19 67 ,FALSE
463,21:55.9,out,Controller 25: 104,1,104,B0 19 68 ,FALSE
464,21:55.9,out,Controller 25: 105,1,105,B0 19 69 ,FALSE
465,21:56.0,out,Controller 25: 106,1,106,B0 19 6A ,FALSE
466,21:56.0,out,Controller 25: 107,1,107,B0 19 6B ,FALSE
467,21:56.0,out,Controller 25: 108,1,108,B0 19 6C ,FALSE
468,21:56.0,out,Controller 25: 109,1,109,B0 19 6D ,FALSE
469,21:56.0,out,Controller 25: 110,1,110,B0 19 6E ,FALSE
470,21:56.0,out,Controller 25: 111,1,111,B0 19 6F ,FALSE
471,21:56.1,out,Controller 25: 112,1,112,B0 19 70 ,FALSE
472,21:56.1,out,Controller 25: 113,1,113,B0 19 71 ,FALSE
473,21:56.1,out,Controller 25: 114,1,114,B0 19 72 ,FALSE
474,21:56.1,out,Controller 25: 115,1,115,B0 19 73 ,FALSE
475,21:56.1,out,Controller 25: 116,1,116,B0 19 74 ,FALSE
476,21:56.2,out,Controller 25: 117,1,117,B0 19 75 ,FALSE
477,21:56.2,out,Controller 25: 118,1,118,B0 19 76 ,FALSE
478,21:56.2,out,Controller 25: 119,1,119,B0 19 77 ,FALSE
479,21:56.2,out,Controller 25: 120,1,120,B0 19 78 ,FALSE
480,21:56.2,out,Controller 25: 121,1,121,B0 19 79 ,FALSE
481,21:56.2,out,Controller 25: 122,1,122,B0 19 7A ,FALSE
482,21:56.2,out,Controller 25: 123,1,123,B0 19 7B ,FALSE
483,21:56.3,out,Controller 25: 124,1,124,B0 19 7C ,FALSE
484,21:56.3,out,Controller 25: 125,1,125,B0 19 7D ,FALSE
485,21:56.3,out,Controller 25: 126,1,126,B0 19 7E ,FALSE
486,21:56.3,out,Controller 25: 127,1,127,B0 19 7F ,FALSE
487,21:58.0,out,Controller 25: 126,1,126,B0 19 7E ,FALSE
488,21:58.0,out,Controller 25: 125,1,125,B0 19 7D ,FALSE
489,21:58.0,out,Controller 25: 124,1,124,B0 19 7C ,FALSE
490,21:58.0,out,Controller 25: 123,1,123,B0 19 7B ,FALSE
491,21:58.0,out,Controller 25: 122,1,122,B0 19 7A ,FALSE
492,21:58.0,out,Controller 25: 121,1,121,B0 19 79 ,FALSE
493,21:58.0,out,Controller 25: 120,1,120,B0 19 78 ,FALSE
494,21:58.1,out,Controller 25: 119,1,119,B0 19 77 ,FALSE
495,21:58.1,out,Controller 25: 118,1,118,B0 19 76 ,FALSE
496,21:58.1,out,Controller 25: 117,1,117,B0 19 75 ,FALSE
497,21:58.1,out,Controller 25: 116,1,116,B0 19 74 ,FALSE
498,21:58.1,out,Controller 25: 115,1,115,B0 19 73 ,FALSE
499,21:58.1,out,Controller 25: 114,1,114,B0 19 72 ,FALSE
500,21:58.2,out,Controller 25: 113,1,113,B0 19 71 ,FALSE
501,21:58.2,out,Controller 25: 112,1,112,B0 19 70 ,FALSE
502,21:58.2,out,Controller 25: 111,1,111,B0 19 6F ,FALSE
503,21:58.2,out,Controller 25: 110,1,110,B0 19 6E ,FALSE
504,21:58.2,out,Controller 25: 109,1,109,B0 19 6D ,FALSE
505,21:58.2,out,Controller 25: 108,1,108,B0 19 6C ,FALSE
506,21:58.3,out,Controller 25: 107,1,107,B0 19 6B ,FALSE
507,21:58.3,out,Controller 25: 106,1,106,B0 19 6A ,FALSE
508,21:58.3,out,Controller 25: 105,1,105,B0 19 69 ,FALSE
509,21:58.3,out,Controller 25: 104,1,104,B0 19 68 ,FALSE
510,21:58.3,out,Controller 25: 103,1,103,B0 19 67 ,FALSE
511,21:58.3,out,Controller 25: 102,1,102,B0 19 66 ,FALSE
512,21:58.3,out,Controller 25: 101,1,101,B0 19 65 ,FALSE
513,21:58.4,out,Controller 25: 100,1,100,B0 19 64 ,FALSE
514,21:58.4,out,Controller 25: 99,1,99,B0 19 63 ,FALSE
515,21:58.4,out,Controller 25: 98,1,98,B0 19 62 ,FALSE
516,21:58.5,out,Controller 25: 97,1,97,B0 19 61 ,FALSE
517,21:58.5,out,Controller 25: 96,1,96,B0 19 60 ,FALSE
518,21:58.5,out,Controller 25: 95,1,95,B0 19 5F ,FALSE
519,21:58.5,out,Controller 25: 94,1,94,B0 19 5E ,FALSE
520,21:58.5,out,Controller 25: 93,1,93,B0 19 5D ,FALSE
521,21:58.6,out,Controller 25: 92,1,92,B0 19 5C ,FALSE
522,21:58.6,out,Controller 25: 91,1,91,B0 19 5B ,FALSE
523,21:58.6,out,Controller 25: 90,1,90,B0 19 5A ,FALSE
524,21:58.6,out,Controller 25: 89,1,89,B0 19 59 ,FALSE
525,21:58.7,out,Controller 25: 88,1,88,B0 19 58 ,FALSE
526,21:58.7,out,Controller 25: 87,1,87,B0 19 57 ,FALSE
527,21:58.7,out,Controller 25: 86,1,86,B0 19 56 ,FALSE
528,21:58.7,out,Controller 25: 85,1,85,B0 19 55 ,FALSE
529,21:58.8,out,Controller 25: 84,1,84,B0 19 54 ,FALSE
530,21:58.8,out,Controller 25: 83,1,83,B0 19 53 ,FALSE
531,21:58.8,out,Controller 25: 82,1,82,B0 19 52 ,FALSE
532,21:58.8,out,Controller 25: 81,1,81,B0 19 51 ,FALSE
533,21:58.8,out,Controller 25: 80,1,80,B0 19 50 ,FALSE
534,21:58.8,out,Controller 25: 79,1,79,B0 19 4F ,FALSE
535,21:58.8,out,Controller 25: 78,1,78,B0 19 4E ,FALSE
536,21:58.9,out,Controller 25: 77,1,77,B0 19 4D ,FALSE
537,21:58.9,out,Controller 25: 76,1,76,B0 19 4C ,FALSE
538,21:58.9,out,Controller 25: 75,1,75,B0 19 4B ,FALSE
539,21:59.0,out,Controller 25: 74,1,74,B0 19 4A ,FALSE
540,21:59.0,out,Controller 25: 73,1,73,B0 19 49 ,FALSE
541,21:59.0,out,Controller 25: 72,1,72,B0 19 48 ,FALSE
542,21:59.0,out,Controller 25: 71,1,71,B0 19 47 ,FALSE
543,21:59.0,out,Controller 25: 70,1,70,B0 19 46 ,FALSE
544,21:59.0,out,Controller 25: 69,1,69,B0 19 45 ,FALSE
545,21:59.0,out,Controller 25: 68,1,68,B0 19 44 ,FALSE
546,21:59.0,out,Controller 25: 67,1,67,B0 19 43 ,FALSE
547,21:59.1,out,Controller 25: 66,1,66,B0 19 42 ,FALSE
548,21:59.1,out,Controller 25: 65,1,65,B0 19 41 ,FALSE
549,21:59.1,out,Controller 25: 64,1,64,B0 19 40 ,FALSE
550,21:59.3,out,Controller 25: 63,1,63,B0 19 3F ,FALSE
551,21:59.3,out,Controller 25: 62,1,62,B0 19 3E ,FALSE
552,21:59.3,out,Controller 25: 61,1,61,B0 19 3D ,FALSE
553,21:59.3,out,Controller 25: 60,1,60,B0 19 3C ,FALSE
554,21:59.4,out,Controller 25: 59,1,59,B0 19 3B ,FALSE
555,21:59.4,out,Controller 25: 58,1,58,B0 19 3A ,FALSE
556,21:59.4,out,Controller 25: 57,1,57,B0 19 39 ,FALSE
557,21:59.4,out,Controller 25: 56,1,56,B0 19 38 ,FALSE
558,21:59.4,out,Controller 25: 55,1,55,B0 19 37 ,FALSE
559,21:59.4,out,Controller 25: 54,1,54,B0 19 36 ,FALSE
560,21:59.4,out,Controller 25: 53,1,53,B0 19 35 ,FALSE
561,21:59.4,out,Controller 25: 52,1,52,B0 19 34 ,FALSE
562,21:59.4,out,Controller 25: 51,1,51,B0 19 33 ,FALSE
563,21:59.4,out,Controller 25: 50,1,50,B0 19 32 ,FALSE
564,21:59.5,out,Controller 25: 49,1,49,B0 19 31 ,FALSE
565,21:59.5,out,Controller 25: 48,1,48,B0 19 30 ,FALSE
566,21:59.5,out,Controller 25: 47,1,47,B0 19 2F ,FALSE
567,21:59.5,out,Controller 25: 46,1,46,B0 19 2E ,FALSE
568,21:59.5,out,Controller 25: 45,1,45,B0 19 2D ,FALSE
569,21:59.5,out,Controller 25: 44,1,44,B0 19 2C ,FALSE
570,21:59.5,out,Controller 25: 43,1,43,B0 19 2B ,FALSE
571,21:59.5,out,Controller 25: 42,1,42,B0 19 2A ,FALSE
572,21:59.5,out,Controller 25: 41,1,41,B0 19 29 ,FALSE
573,21:59.5,out,Controller 25: 40,1,40,B0 19 28 ,FALSE
574,21:59.5,out,Controller 25: 39,1,39,B0 19 27 ,FALSE
575,21:59.6,out,Controller 25: 37,1,37,B0 19 25 ,FALSE
576,21:59.6,out,Controller 25: 36,1,36,B0 19 24 ,FALSE
577,21:59.6,out,Controller 25: 35,1,35,B0 19 23 ,FALSE
578,21:59.6,out,Controller 25: 34,1,34,B0 19 22 ,FALSE
579,21:59.6,out,Controller 25: 33,1,33,B0 19 21 ,FALSE
580,21:59.6,out,Controller 25: 32,1,32,B0 19 20 ,FALSE
581,21:59.6,out,Controller 25: 31,1,31,B0 19 1F ,FALSE
582,21:59.6,out,Controller 25: 30,1,30,B0 19 1E ,FALSE
583,21:59.6,out,Controller 25: 29,1,29,B0 19 1D ,FALSE
584,21:59.7,out,Controller 25: 28,1,28,B0 19 1C ,FALSE
585,21:59.7,out,Controller 25: 27,1,27,B0 19 1B ,FALSE
586,21:59.7,out,Controller 25: 26,1,26,B0 19 1A ,FALSE
587,21:59.7,out,Controller 25: 25,1,25,B0 19 19 ,FALSE
588,21:59.7,out,Controller 25: 24,1,24,B0 19 18 ,FALSE
589,21:59.7,out,Controller 25: 23,1,23,B0 19 17 ,FALSE
590,21:59.7,out,Controller 25: 22,1,22,B0 19 16 ,FALSE
591,21:59.7,out,Controller 25: 21,1,21,B0 19 15 ,FALSE
592,21:59.8,out,Controller 25: 20,1,20,B0 19 14 ,FALSE
593,21:59.8,out,Controller 25: 19,1,19,B0 19 13 ,FALSE
594,21:59.8,out,Controller 25: 18,1,18,B0 19 12 ,FALSE
595,21:59.8,out,Controller 25: 17,1,17,B0 19 11 ,FALSE
596,21:59.8,out,Controller 25: 16,1,16,B0 19 10 ,FALSE
597,21:59.8,out,Controller 25: 14,1,14,B0 19 0E ,FALSE
598,21:59.8,out,Controller 25: 13,1,13,B0 19 0D ,FALSE
599,21:59.8,out,Controller 25: 12,1,12,B0 19 0C ,FALSE
600,21:59.8,out,Controller 25: 11,1,11,B0 19 0B ,FALSE
601,21:59.8,out,Controller 25: 10,1,10,B0 19 0A ,FALSE
602,21:59.9,out,Controller 25: 9,1,9,B0 19 09 ,FALSE
603,21:59.9,out,Controller 25: 8,1,8,B0 19 08 ,FALSE
604,21:59.9,out,Controller 25: 7,1,7,B0 19 07 ,FALSE
605,21:59.9,out,Controller 25: 6,1,6,B0 19 06 ,FALSE
606,21:59.9,out,Controller 25: 5,1,5,B0 19 05 ,FALSE
607,21:59.9,out,Controller 25: 4,1,4,B0 19 04 ,FALSE
608,21:59.9,out,Controller 25: 3,1,3,B0 19 03 ,FALSE
609,21:59.9,out,Controller 25: 2,1,2,B0 19 02 ,FALSE
610,21:59.9,out,Controller 25: 1,1,1,B0 19 01 ,FALSE
611,21:59.9,out,Controller 25: 0,1,0,B0 19 00 ,FALSE
612,22:01.0,out,Controller 25: 1,1,1,B0 19 01 ,FALSE
613,22:01.1,out,Controller 25: 2,1,2,B0 19 02 ,FALSE
614,22:01.1,out,Controller 25: 3,1,3,B0 19 03 ,FALSE
615,22:01.1,out,Controller 25: 4,1,4,B0 19 04 ,FALSE
616,22:01.1,out,Controller 25: 5,1,5,B0 19 05 ,FALSE
617,22:01.1,out,Controller 25: 6,1,6,B0 19 06 ,FALSE
618,22:01.1,out,Controller 25: 7,1,7,B0 19 07 ,FALSE
619,22:01.2,out,Controller 25: 8,1,8,B0 19 08 ,FALSE
620,22:01.2,out,Controller 25: 9,1,9,B0 19 09 ,FALSE
621,22:01.2,out,Controller 25: 10,1,10,B0 19 0A ,FALSE
622,22:01.2,out,Controller 25: 11,1,11,B0 19 0B ,FALSE
623,22:01.2,out,Controller 25: 12,1,12,B0 19 0C ,FALSE
624,22:01.2,out,Controller 25: 13,1,13,B0 19 0D ,FALSE
625,22:01.3,out,Controller 25: 14,1,14,B0 19 0E ,FALSE
626,22:01.3,out,Controller 25: 15,1,15,B0 19 0F ,FALSE
627,22:01.3,out,Controller 25: 16,1,16,B0 19 10 ,FALSE
628,22:01.3,out,Controller 25: 17,1,17,B0 19 11 ,FALSE
629,22:01.3,out,Controller 25: 18,1,18,B0 19 12 ,FALSE
630,22:01.3,out,Controller 25: 19,1,19,B0 19 13 ,FALSE
631,22:01.3,out,Controller 25: 20,1,20,B0 19 14 ,FALSE
632,22:01.3,out,Controller 25: 21,1,21,B0 19 15 ,FALSE
633,22:01.3,out,Controller 25: 22,1,22,B0 19 16 ,FALSE
634,22:01.4,out,Controller 25: 23,1,23,B0 19 17 ,FALSE
635,22:01.4,out,Controller 25: 24,1,24,B0 19 18 ,FALSE
636,22:01.4,out,Controller 25: 25,1,25,B0 19 19 ,FALSE
637,22:01.4,out,Controller 25: 26,1,26,B0 19 1A ,FALSE
638,22:01.4,out,Controller 25: 27,1,27,B0 19 1B ,FALSE
639,22:01.4,out,Controller 25: 28,1,28,B0 19 1C ,FALSE
640,22:01.5,out,Controller 25: 29,1,29,B0 19 1D ,FALSE
641,22:01.5,out,Controller 25: 30,1,30,B0 19 1E ,FALSE
642,22:01.5,out,Controller 25: 31,1,31,B0 19 1F ,FALSE
643,22:01.5,out,Controller 25: 32,1,32,B0 19 20 ,FALSE
644,22:01.5,out,Controller 25: 33,1,33,B0 19 21 ,FALSE
645,22:01.6,out,Controller 25: 34,1,34,B0 19 22 ,FALSE
646,22:01.6,out,Controller 25: 35,1,35,B0 19 23 ,FALSE
647,22:01.6,out,Controller 25: 36,1,36,B0 19 24 ,FALSE
648,22:01.6,out,Controller 25: 37,1,37,B0 19 25 ,FALSE
649,22:01.6,out,Controller 25: 38,1,38,B0 19 26 ,FALSE
650,22:01.6,out,Controller 25: 39,1,39,B0 19 27 ,FALSE
651,22:01.6,out,Controller 25: 40,1,40,B0 19 28 ,FALSE
652,22:01.7,out,Controller 25: 41,1,41,B0 19 29 ,FALSE
653,22:01.7,out,Controller 25: 42,1,42,B0 19 2A ,FALSE
654,22:01.7,out,Controller 25: 43,1,43,B0 19 2B ,FALSE
655,22:01.7,out,Controller 25: 44,1,44,B0 19 2C ,FALSE
656,22:01.7,out,Controller 25: 45,1,45,B0 19 2D ,FALSE
657,22:01.8,out,Controller 25: 46,1,46,B0 19 2E ,FALSE
658,22:01.8,out,Controller 25: 47,1,47,B0 19 2F ,FALSE
659,22:01.8,out,Controller 25: 48,1,48,B0 19 30 ,FALSE
660,22:01.8,out,Controller 25: 49,1,49,B0 19 31 ,FALSE
661,22:01.8,out,Controller 25: 50,1,50,B0 19 32 ,FALSE
662,22:01.8,out,Controller 25: 51,1,51,B0 19 33 ,FALSE
663,22:01.8,out,Controller 25: 52,1,52,B0 19 34 ,FALSE
664,22:01.8,out,Controller 25: 53,1,53,B0 19 35 ,FALSE
665,22:01.8,out,Controller 25: 54,1,54,B0 19 36 ,FALSE
666,22:01.8,out,Controller 25: 55,1,55,B0 19 37 ,FALSE
667,22:01.9,out,Controller 25: 56,1,56,B0 19 38 ,FALSE
668,22:01.9,out,Controller 25: 57,1,57,B0 19 39 ,FALSE
669,22:01.9,out,Controller 25: 58,1,58,B0 19 3A ,FALSE
670,22:01.9,out,Controller 25: 59,1,59,B0 19 3B ,FALSE
671,22:01.9,out,Controller 25: 60,1,60,B0 19 3C ,FALSE
672,22:02.0,out,Controller 25: 61,1,61,B0 19 3D ,FALSE
673,22:02.0,out,Controller 25: 62,1,62,B0 19 3E ,FALSE
674,22:02.0,out,Controller 25: 63,1,63,B0 19 3F ,FALSE
675,22:02.0,out,Controller 25: 64,1,64,B0 19 40 ,FALSE
676,22:03.6,out,Controller 26: 65,1,65,B0 1A 41 ,FALSE
677,22:03.6,out,Controller 26: 66,1,66,B0 1A 42 ,FALSE
678,22:03.6,out,Controller 26: 67,1,67,B0 1A 43 ,FALSE
679,22:03.6,out,Controller 26: 68,1,68,B0 1A 44 ,FALSE
680,22:03.6,out,Controller 26: 69,1,69,B0 1A 45 ,FALSE
681,22:03.6,out,Controller 26: 70,1,70,B0 1A 46 ,FALSE
682,22:03.6,out,Controller 26: 71,1,71,B0 1A 47 ,FALSE
683,22:03.6,out,Controller 26: 72,1,72,B0 1A 48 ,FALSE
684,22:03.6,out,Controller 26: 73,1,73,B0 1A 49 ,FALSE
685,22:03.7,out,Controller 26: 74,1,74,B0 1A 4A ,FALSE
686,22:03.7,out,Controller 26: 75,1,75,B0 1A 4B ,FALSE
687,22:03.7,out,Controller 26: 76,1,76,B0 1A 4C ,FALSE
688,22:03.7,out,Controller 26: 77,1,77,B0 1A 4D ,FALSE
689,22:03.7,out,Controller 26: 79,1,79,B0 1A 4F ,FALSE
690,22:03.7,out,Controller 26: 80,1,80,B0 1A 50 ,FALSE
691,22:03.7,out,Controller 26: 81,1,81,B0 1A 51 ,FALSE
692,22:03.7,out,Controller 26: 82,1,82,B0 1A 52 ,FALSE
693,22:03.7,out,Controller 26: 83,1,83,B0 1A 53 ,FALSE
694,22:03.7,out,Controller 26: 84,1,84,B0 1A 54 ,FALSE
695,22:03.8,out,Controller 26: 85,1,85,B0 1A 55 ,FALSE
696,22:03.8,out,Controller 26: 86,1,86,B0 1A 56 ,FALSE
697,22:03.8,out,Controller 26: 87,1,87,B0 1A 57 ,FALSE
698,22:03.8,out,Controller 26: 88,1,88,B0 1A 58 ,FALSE
699,22:03.8,out,Controller 26: 89,1,89,B0 1A 59 ,FALSE
700,22:03.8,out,Controller 26: 90,1,90,B0 1A 5A ,FALSE
701,22:03.8,out,Controller 26: 91,1,91,B0 1A 5B ,FALSE
702,22:03.8,out,Controller 26: 92,1,92,B0 1A 5C ,FALSE
703,22:03.8,out,Controller 26: 93,1,93,B0 1A 5D ,FALSE
704,22:03.8,out,Controller 26: 94,1,94,B0 1A 5E ,FALSE
705,22:03.9,out,Controller 26: 95,1,95,B0 1A 5F ,FALSE
706,22:03.9,out,Controller 26: 96,1,96,B0 1A 60 ,FALSE
707,22:03.9,out,Controller 26: 97,1,97,B0 1A 61 ,FALSE
708,22:03.9,out,Controller 26: 98,1,98,B0 1A 62 ,FALSE
709,22:03.9,out,Controller 26: 99,1,99,B0 1A 63 ,FALSE
710,22:03.9,out,Controller 26: 100,1,100,B0 1A 64 ,FALSE
711,22:03.9,out,Controller 26: 101,1,101,B0 1A 65 ,FALSE
712,22:03.9,out,Controller 26: 102,1,102,B0 1A 66 ,FALSE
713,22:03.9,out,Controller 26: 103,1,103,B0 1A 67 ,FALSE
714,22:03.9,out,Controller 26: 104,1,104,B0 1A 68 ,FALSE
715,22:03.9,out,Controller 26: 105,1,105,B0 1A 69 ,FALSE
716,22:04.0,out,Controller 26: 106,1,106,B0 1A 6A ,FALSE
717,22:04.0,out,Controller 26: 107,1,107,B0 1A 6B ,FALSE
718,22:04.0,out,Controller 26: 108,1,108,B0 1A 6C ,FALSE
719,22:04.0,out,Controller 26: 109,1,109,B0 1A 6D ,FALSE
720,22:04.0,out,Controller 26: 110,1,110,B0 1A 6E ,FALSE
721,22:04.0,out,Controller 26: 111,1,111,B0 1A 6F ,FALSE
722,22:04.0,out,Controller 26: 112,1,112,B0 1A 70 ,FALSE
723,22:04.0,out,Controller 26: 113,1,113,B0 1A 71 ,FALSE
724,22:04.1,out,Controller 26: 114,1,114,B0 1A 72 ,FALSE
725,22:04.1,out,Controller 26: 115,1,115,B0 1A 73 ,FALSE
726,22:04.1,out,Controller 26: 116,1,116,B0 1A 74 ,FALSE
727,22:04.1,out,Controller 26: 117,1,117,B0 1A 75 ,FALSE
728,22:04.1,out,Controller 26: 118,1,118,B0 1A 76 ,FALSE
729,22:04.1,out,Controller 26: 119,1,119,B0 1A 77 ,FALSE
730,22:04.1,out,Controller 26: 120,1,120,B0 1A 78 ,FALSE
731,22:04.1,out,Controller 26: 121,1,121,B0 1A 79 ,FALSE
732,22:04.1,out,Controller 26: 122,1,122,B0 1A 7A ,FALSE
733,22:04.1,out,Controller 26: 123,1,123,B0 1A 7B ,FALSE
734,22:04.2,out,Controller 26: 124,1,124,B0 1A 7C ,FALSE
735,22:04.2,out,Controller 26: 125,1,125,B0 1A 7D ,FALSE
736,22:04.2,out,Controller 26: 126,1,126,B0 1A 7E ,FALSE
737,22:04.2,out,Controller 26: 127,1,127,B0 1A 7F ,FALSE
738,22:05.1,out,Controller 26: 126,1,126,B0 1A 7E ,FALSE
739,22:05.1,out,Controller 26: 125,1,125,B0 1A 7D ,FALSE
740,22:05.1,out,Controller 26: 124,1,124,B0 1A 7C ,FALSE
741,22:05.1,out,Controller 26: 123,1,123,B0 1A 7B ,FALSE
742,22:05.2,out,Controller 26: 122,1,122,B0 1A 7A ,FALSE
743,22:05.2,out,Controller 26: 120,1,120,B0 1A 78 ,FALSE
744,22:05.2,out,Controller 26: 119,1,119,B0 1A 77 ,FALSE
745,22:05.2,out,Controller 26: 118,1,118,B0 1A 76 ,FALSE
746,22:05.2,out,Controller 26: 117,1,117,B0 1A 75 ,FALSE
747,22:05.2,out,Controller 26: 116,1,116,B0 1A 74 ,FALSE
748,22:05.2,out,Controller 26: 115,1,115,B0 1A 73 ,FALSE
749,22:05.2,out,Controller 26: 114,1,114,B0 1A 72 ,FALSE
750,22:05.2,out,Controller 26: 113,1,113,B0 1A 71 ,FALSE
751,22:05.2,out,Controller 26: 112,1,112,B0 1A 70 ,FALSE
752,22:05.2,out,Controller 26: 111,1,111,B0 1A 6F ,FALSE
753,22:05.2,out,Controller 26: 110,1,110,B0 1A 6E ,FALSE
754,22:05.2,out,Controller 26: 109,1,109,B0 1A 6D ,FALSE
755,22:05.3,out,Controller 26: 108,1,108,B0 1A 6C ,FALSE
756,22:05.3,out,Controller 26: 107,1,107,B0 1A 6B ,FALSE
757,22:05.3,out,Controller 26: 106,1,106,B0 1A 6A ,FALSE
758,22:05.3,out,Controller 26: 105,1,105,B0 1A 69 ,FALSE
759,22:05.3,out,Controller 26: 104,1,104,B0 1A 68 ,FALSE
760,22:05.3,out,Controller 26: 103,1,103,B0 1A 67 ,FALSE
761,22:05.3,out,Controller 26: 102,1,102,B0 1A 66 ,FALSE
762,22:05.3,out,Controller 26: 101,1,101,B0 1A 65 ,FALSE
763,22:05.3,out,Controller 26: 100,1,100,B0 1A 64 ,FALSE
764,22:05.3,out,Controller 26: 99,1,99,B0 1A 63 ,FALSE
765,22:05.4,out,Controller 26: 98,1,98,B0 1A 62 ,FALSE
766,22:05.4,out,Controller 26: 97,1,97,B0 1A 61 ,FALSE
767,22:05.4,out,Controller 26: 96,1,96,B0 1A 60 ,FALSE
768,22:05.4,out,Controller 26: 95,1,95,B0 1A 5F ,FALSE
769,22:05.4,out,Controller 26: 94,1,94,B0 1A 5E ,FALSE
770,22:05.4,out,Controller 26: 93,1,93,B0 1A 5D ,FALSE
771,22:05.4,out,Controller 26: 92,1,92,B0 1A 5C ,FALSE
772,22:05.4,out,Controller 26: 91,1,91,B0 1A 5B ,FALSE
773,22:05.4,out,Controller 26: 90,1,90,B0 1A 5A ,FALSE
774,22:05.4,out,Controller 26: 89,1,89,B0 1A 59 ,FALSE
775,22:05.4,out,Controller 26: 88,1,88,B0 1A 58 ,FALSE
776,22:05.5,out,Controller 26: 87,1,87,B0 1A 57 ,FALSE
777,22:05.5,out,Controller 26: 86,1,86,B0 1A 56 ,FALSE
778,22:05.5,out,Controller 26: 85,1,85,B0 1A 55 ,FALSE
779,22:05.5,out,Controller 26: 84,1,84,B0 1A 54 ,FALSE
780,22:05.5,out,Controller 26: 83,1,83,B0 1A 53 ,FALSE
781,22:05.5,out,Controller 26: 82,1,82,B0 1A 52 ,FALSE
782,22:05.5,out,Controller 26: 81,1,81,B0 1A 51 ,FALSE
783,22:05.5,out,Controller 26: 80,1,80,B0 1A 50 ,FALSE
784,22:05.5,out,Controller 26: 79,1,79,B0 1A 4F ,FALSE
785,22:05.5,out,Controller 26: 78,1,78,B0 1A 4E ,FALSE
786,22:05.6,out,Controller 26: 77,1,77,B0 1A 4D ,FALSE
787,22:05.6,out,Controller 26: 76,1,76,B0 1A 4C ,FALSE
788,22:05.6,out,Controller 26: 75,1,75,B0 1A 4B ,FALSE
789,22:05.6,out,Controller 26: 74,1,74,B0 1A 4A ,FALSE
790,22:05.6,out,Controller 26: 73,1,73,B0 1A 49 ,FALSE
791,22:05.6,out,Controller 26: 72,1,72,B0 1A 48 ,FALSE
792,22:05.6,out,Controller 26: 71,1,71,B0 1A 47 ,FALSE
793,22:05.6,out,Controller 26: 70,1,70,B0 1A 46 ,FALSE
794,22:05.6,out,Controller 26: 69,1,69,B0 1A 45 ,FALSE
795,22:05.6,out,Controller 26: 68,1,68,B0 1A 44 ,FALSE
796,22:05.7,out,Controller 26: 67,1,67,B0 1A 43 ,FALSE
797,22:05.7,out,Controller 26: 66,1,66,B0 1A 42 ,FALSE
798,22:05.7,out,Controller 26: 65,1,65,B0 1A 41 ,FALSE
799,22:05.7,out,Controller 26: 64,1,64,B0 1A 40 ,FALSE
800,22:05.7,out,Controller 26: 63,1,63,B0 1A 3F ,FALSE
801,22:05.8,out,Controller 26: 62,1,62,B0 1A 3E ,FALSE
802,22:05.8,out,Controller 26: 61,1,61,B0 1A 3D ,FALSE
803,22:05.8,out,Controller 26: 60,1,60,B0 1A 3C ,FALSE
804,22:05.8,out,Controller 26: 59,1,59,B0 1A 3B ,FALSE
805,22:05.8,out,Controller 26: 58,1,58,B0 1A 3A ,FALSE
806,22:05.8,out,Controller 26: 57,1,57,B0 1A 39 ,FALSE
807,22:05.8,out,Controller 26: 56,1,56,B0 1A 38 ,FALSE
808,22:05.9,out,Controller 26: 55,1,55,B0 1A 37 ,FALSE
809,22:05.9,out,Controller 26: 54,1,54,B0 1A 36 ,FALSE
810,22:05.9,out,Controller 26: 52,1,52,B0 1A 34 ,FALSE
811,22:05.9,out,Controller 26: 51,1,51,B0 1A 33 ,FALSE
812,22:05.9,out,Controller 26: 50,1,50,B0 1A 32 ,FALSE
813,22:05.9,out,Controller 26: 49,1,49,B0 1A 31 ,FALSE
814,22:05.9,out,Controller 26: 48,1,48,B0 1A 30 ,FALSE
815,22:05.9,out,Controller 26: 47,1,47,B0 1A 2F ,FALSE
816,22:05.9,out,Controller 26: 46,1,46,B0 1A 2E ,FALSE
817,22:05.9,out,Controller 26: 45,1,45,B0 1A 2D ,FALSE
818,22:05.9,out,Controller 26: 44,1,44,B0 1A 2C ,FALSE
819,22:05.9,out,Controller 26: 43,1,43,B0 1A 2B ,FALSE
820,22:06.0,out,Controller 26: 42,1,42,B0 1A 2A ,FALSE
821,22:06.0,out,Controller 26: 41,1,41,B0 1A 29 ,FALSE
822,22:06.0,out,Controller 26: 40,1,40,B0 1A 28 ,FALSE
823,22:06.0,out,Controller 26: 39,1,39,B0 1A 27 ,FALSE
824,22:06.0,out,Controller 26: 37,1,37,B0 1A 25 ,FALSE
825,22:06.0,out,Controller 26: 36,1,36,B0 1A 24 ,FALSE
826,22:06.0,out,Controller 26: 35,1,35,B0 1A 23 ,FALSE
827,22:06.0,out,Controller 26: 34,1,34,B0 1A 22 ,FALSE
828,22:06.0,out,Controller 26: 33,1,33,B0 1A 21 ,FALSE
829,22:06.0,out,Controller 26: 31,1,31,B0 1A 1F ,FALSE
830,22:06.0,out,Controller 26: 30,1,30,B0 1A 1E ,FALSE
831,22:06.0,out,Controller 26: 29,1,29,B0 1A 1D ,FALSE
832,22:06.1,out,Controller 26: 28,1,28,B0 1A 1C ,FALSE
833,22:06.1,out,Controller 26: 27,1,27,B0 1A 1B ,FALSE
834,22:06.1,out,Controller 26: 26,1,26,B0 1A 1A ,FALSE
835,22:06.1,out,Controller 26: 25,1,25,B0 1A 19 ,FALSE
836,22:06.1,out,Controller 26: 24,1,24,B0 1A 18 ,FALSE
837,22:06.1,out,Controller 26: 23,1,23,B0 1A 17 ,FALSE
838,22:06.1,out,Controller 26: 22,1,22,B0 1A 16 ,FALSE
839,22:06.1,out,Controller 26: 21,1,21,B0 1A 15 ,FALSE
840,22:06.1,out,Controller 26: 20,1,20,B0 1A 14 ,FALSE
841,22:06.1,out,Controller 26: 19,1,19,B0 1A 13 ,FALSE
842,22:06.2,out,Controller 26: 18,1,18,B0 1A 12 ,FALSE
843,22:06.2,out,Controller 26: 17,1,17,B0 1A 11 ,FALSE
844,22:06.2,out,Controller 26: 16,1,16,B0 1A 10 ,FALSE
845,22:06.2,out,Controller 26: 15,1,15,B0 1A 0F ,FALSE
846,22:06.2,out,Controller 26: 14,1,14,B0 1A 0E ,FALSE
847,22:06.2,out,Controller 26: 13,1,13,B0 1A 0D ,FALSE
848,22:06.2,out,Controller 26: 12,1,12,B0 1A 0C ,FALSE
849,22:06.2,out,Controller 26: 11,1,11,B0 1A 0B ,FALSE
850,22:06.3,out,Controller 26: 10,1,10,B0 1A 0A ,FALSE
851,22:06.3,out,Controller 26: 9,1,9,B0 1A 09 ,FALSE
852,22:06.3,out,Controller 26: 8,1,8,B0 1A 08 ,FALSE
853,22:06.3,out,Controller 26: 7,1,7,B0 1A 07 ,FALSE
854,22:06.3,out,Controller 26: 6,1,6,B0 1A 06 ,FALSE
855,22:06.4,out,Controller 26: 5,1,5,B0 1A 05 ,FALSE
856,22:06.4,out,Controller 26: 4,1,4,B0 1A 04 ,FALSE
857,22:06.4,out,Controller 26: 3,1,3,B0 1A 03 ,FALSE
858,22:06.4,out,Controller 26: 2,1,2,B0 1A 02 ,FALSE
859,22:06.4,out,Controller 26: 1,1,1,B0 1A 01 ,FALSE
860,22:06.4,out,Controller 26: 0,1,0,B0 1A 00 ,FALSE
861,22:07.7,out,Controller 26: 1,1,1,B0 1A 01 ,FALSE
862,22:07.7,out,Controller 26: 2,1,2,B0 1A 02 ,FALSE
863,22:07.7,out,Controller 26: 3,1,3,B0 1A 03 ,FALSE
864,22:07.7,out,Controller 26: 4,1,4,B0 1A 04 ,FALSE
865,22:07.7,out,Controller 26: 5,1,5,B0 1A 05 ,FALSE
866,22:07.7,out,Controller 26: 6,1,6,B0 1A 06 ,FALSE
867,22:07.7,out,Controller 26: 7,1,7,B0 1A 07 ,FALSE
868,22:07.7,out,Controller 26: 8,1,8,B0 1A 08 ,FALSE
869,22:07.8,out,Controller 26: 9,1,9,B0 1A 09 ,FALSE
870,22:07.8,out,Controller 26: 10,1,10,B0 1A 0A ,FALSE
871,22:07.8,out,Controller 26: 11,1,11,B0 1A 0B ,FALSE
872,22:07.8,out,Controller 26: 12,1,12,B0 1A 0C ,FALSE
873,22:07.8,out,Controller 26: 13,1,13,B0 1A 0D ,FALSE
874,22:07.8,out,Controller 26: 14,1,14,B0 1A 0E ,FALSE
875,22:07.8,out,Controller 26: 15,1,15,B0 1A 0F ,FALSE
876,22:07.8,out,Controller 26: 16,1,16,B0 1A 10 ,FALSE
877,22:07.9,out,Controller 26: 17,1,17,B0 1A 11 ,FALSE
878,22:07.9,out,Controller 26: 18,1,18,B0 1A 12 ,FALSE
879,22:07.9,out,Controller 26: 19,1,19,B0 1A 13 ,FALSE
880,22:07.9,out,Controller 26: 20,1,20,B0 1A 14 ,FALSE
881,22:07.9,out,Controller 26: 21,1,21,B0 1A 15 ,FALSE
882,22:07.9,out,Controller 26: 22,1,22,B0 1A 16 ,FALSE
883,22:07.9,out,Controller 26: 23,1,23,B0 1A 17 ,FALSE
884,22:07.9,out,Controller 26: 24,1,24,B0 1A 18 ,FALSE
885,22:07.9,out,Controller 26: 25,1,25,B0 1A 19 ,FALSE
886,22:08.0,out,Controller 26: 26,1,26,B0 1A 1A ,FALSE
887,22:08.0,out,Controller 26: 27,1,27,B0 1A 1B ,FALSE
888,22:08.0,out,Controller 26: 28,1,28,B0 1A 1C ,FALSE
889,22:08.0,out,Controller 26: 29,1,29,B0 1A 1D ,FALSE
890,22:08.0,out,Controller 26: 30,1,30,B0 1A 1E ,FALSE
891,22:08.0,out,Controller 26: 31,1,31,B0 1A 1F ,FALSE
892,22:08.0,out,Controller 26: 32,1,32,B0 1A 20 ,FALSE
893,22:08.1,out,Controller 26: 33,1,33,B0 1A 21 ,FALSE
894,22:08.1,out,Controller 26: 34,1,34,B0 1A 22 ,FALSE
895,22:08.1,out,Controller 26: 35,1,35,B0 1A 23 ,FALSE
896,22:08.1,out,Controller 26: 36,1,36,B0 1A 24 ,FALSE
897,22:08.1,out,Controller 26: 37,1,37,B0 1A 25 ,FALSE
898,22:08.1,out,Controller 26: 38,1,38,B0 1A 26 ,FALSE
899,22:08.1,out,Controller 26: 39,1,39,B0 1A 27 ,FALSE
900,22:08.2,out,Controller 26: 40,1,40,B0 1A 28 ,FALSE
901,22:08.2,out,Controller 26: 41,1,41,B0 1A 29 ,FALSE
902,22:08.2,out,Controller 26: 42,1,42,B0 1A 2A ,FALSE
903,22:08.2,out,Controller 26: 43,1,43,B0 1A 2B ,FALSE
904,22:08.2,out,Controller 26: 44,1,44,B0 1A 2C ,FALSE
905,22:08.2,out,Controller 26: 45,1,45,B0 1A 2D ,FALSE
906,22:08.2,out,Controller 26: 46,1,46,B0 1A 2E ,FALSE
907,22:08.3,out,Controller 26: 47,1,47,B0 1A 2F ,FALSE
908,22:08.3,out,Controller 26: 48,1,48,B0 1A 30 ,FALSE
909,22:08.3,out,Controller 26: 49,1,49,B0 1A 31 ,FALSE
910,22:08.3,out,Controller 26: 50,1,50,B0 1A 32 ,FALSE
911,22:08.3,out,Controller 26: 51,1,51,B0 1A 33 ,FALSE
912,22:08.3,out,Controller 26: 52,1,52,B0 1A 34 ,FALSE
913,22:08.3,out,Controller 26: 53,1,53,B0 1A 35 ,FALSE
914,22:08.3,out,Controller 26: 54,1,54,B0 1A 36 ,FALSE
915,22:08.4,out,Controller 26: 55,1,55,B0 1A 37 ,FALSE
916,22:08.4,out,Controller 26: 56,1,56,B0 1A 38 ,FALSE
917,22:08.4,out,Controller 26: 57,1,57,B0 1A 39 ,FALSE
918,22:08.4,out,Controller 26: 58,1,58,B0 1A 3A ,FALSE
919,22:08.4,out,Controller 26: 59,1,59,B0 1A 3B ,FALSE
920,22:08.4,out,Controller 26: 60,1,60,B0 1A 3C ,FALSE
921,22:08.4,out,Controller 26: 61,1,61,B0 1A 3D ,FALSE
922,22:08.4,out,Controller 26: 62,1,62,B0 1A 3E ,FALSE
923,22:08.4,out,Controller 26: 63,1,63,B0 1A 3F ,FALSE
924,22:08.4,out,Controller 26: 64,1,64,B0 1A 40 ,FALSE
